area_id,area_name,area_type,lat,lon,pole_age,waterlogging_prone,pop_density,underground_cable,days_since_maintenance,past_incidents_30d
0,Sitabuldi,market,21.14844,79.0840464,4,0,27908,0,320,0
1,Sadar,market,21.1817155,79.0789652,31,0,23108,1,487,0
2,Itwari,market,21.1569338,79.1102582,26,0,12899,1,477,1
3,Cotton Market,market,21.1460074,79.0906453,18,1,29122,0,343,1
4,Kalamna,market,21.1678546,79.1409074,17,1,14092,1,624,0
5,Mahal,dense_old_city,21.1429969,79.1101819,34,0,11797,0,412,1
6,Gandhibagh,dense_old_city,21.1543273,79.1058527,4,1,27449,0,57,0
7,Mominpura,dense_old_city,21.1561406,79.0962708,28,1,13002,1,558,0
8,Jaripatka,dense_old_city,21.1894926,79.0853234,8,0,5061,1,419,1
9,Wadi,industrial,21.1491394,78.9777061,4,1,15678,0,463,0
10,Medical Square,institutional,21.1314468,79.0977229,21,0,24483,1,412,0
11,Seminary Hills,institutional,21.1685242,79.0625411,39,1,8115,0,404,0
12,Telankhedi,institutional,21.1553601,79.0500074,29,1,15499,1,66,1
13,Civil Lines,institutional,21.1549282,79.078932,30,0,6507,0,408,0
14,Dharampeth,residential,21.1409684,79.0624344,28,0,21534,1,580,0
15,Ramdaspeth,residential,21.1365853,79.0749872,31,1,15844,1,221,1
16,Dhantoli,residential,21.1339435,79.0805662,21,0,11915,1,440,0
17,Manish Nagar,residential,21.0934921,79.0675143,5,1,9126,1,22,0
18,Pratap Nagar,residential,21.1137148,79.0567838,33,1,18241,0,253,3
19,Laxmi Nagar,residential,21.1254686,79.0639778,18,1,21084,1,318,2
20,Bajaj Nagar,residential,21.1275893,79.0615901,20,1,28388,0,717,0
21,Trimurti Nagar,residential,21.1131642,79.042658,15,0,14803,1,156,0
22,Khamla,residential,21.1034195,79.0670489,8,0,7338,1,201,0
23,Narendra Nagar,residential,21.1066763,79.0783769,37,0,25482,0,298,1
24,Manewada,residential,21.1216264,79.1049874,31,0,20003,1,724,0
25,Besa,residential,21.0847512,79.09447,26,0,21907,1,622,0
26,Sakkardara,residential,21.1219423,79.1152793,16,1,5625,0,25,0
27,Nandanvan,residential,21.1375622,79.1226825,33,0,11433,0,170,0
28,Mankapur,residential,21.1876904,79.0789425,22,1,23731,0,599,2
29,Ajni,residential,21.1269226,79.0825751,18,1,25471,0,42,0
